"GHO","PUBLISHSTATE","YEAR","REGION","COUNTRY","SEX","Display Value","Numeric","Low","High","StdErr","StdDev","Comments"
"SA_0000001439","PUBLISHED","2002","EMR","AFG","","7.62","7.62000","","","","",""
"SA_0000001439","PUBLISHED","2002","EUR","ALB","","4.92","4.92000","","","","",""
"SA_0000001439","PUBLISHED","2002","AFR","DZA","","8.12","8.12000","","","","",""
"SA_0000001439","PUBLISHED","2002","EUR","AND","","16.77","16.77000","","","","",""
"SA_0000001439","PUBLISHED","2002","AFR","AGO","","7.12","7.12000","","","","",""
"SA_0000001439","PUBLISHED","2002","AMR","ATG","","12.36","12.36000","","","","",""
"SA_0000001439","PUBLISHED","2002","AMR","ARG","","16.95","16.95000","","","","",""
"SA_0000001439","PUBLISHED","2002","AMR","BOL","","19.56","19.56000","","","","",""
"SA_0000001439","PUBLISHED","2002","EUR","BIH","","12.14","12.14000","","","","",""
"SA_0000001439","PUBLISHED","2002","AFR","BWA","","3.68","3.68000","","","","",""
"SA_0000001439","PUBLISHED","2002","AMR","BRA","","10.50","10.50000","","","","",""
"SA_0000001439","PUBLISHED","2002","AFR","BDI","","7.65","7.65000","","","","",""
"SA_0000001439","PUBLISHED","2002","WPR","KHM","","13.08","13.08000","","","","",""
"SA_0000001439","PUBLISHED","2002","AFR","CMR","","4.85","4.85000","","","","",""
"SA_0000001439","PUBLISHED","2002","AFR","COG","","5.28","5.28000","","","","",""
"SA_0000001439","PUBLISHED","2002","WPR","COK","","2.80","2.80000","","","","",""
"SA_0000001439","PUBLISHED","2002","AFR","COM","","7.00","7.00000","","","","",""
"SA_0000001439","PUBLISHED","2002","AMR","CHL","","9.30","9.30000","","","","",""
"SA_0000001439","PUBLISHED","2002","AFR","TCD","","3.27","3.27000","","","","",""
"SA_0000001439","PUBLISHED","2002","AFR","CAF","","3.29","3.29000","","","","",""
"SA_0000001439","PUBLISHED","2002","AFR","CPV","","6.65","6.65000","","","","",""
"SA_0000001439","PUBLISHED","2002","AMR","CAN","","15.84","15.84000","","","","",""
"SA_0000001439","PUBLISHED","2002","WPR","BRN","","12.42","12.42000","","","","",""
"SA_0000001439","PUBLISHED","2002","AMR","CRI","","10.46","10.46000","","","","",""
"SA_0000001439","PUBLISHED","2002","AMR","CUB","","13.23","13.23000","","","","",""
"SA_0000001439","PUBLISHED","2002","EUR","CYP","","9.17","9.17000","","","","",""
"SA_0000001439","PUBLISHED","2002","AFR","BFA","","4.81","4.81000","","","","",""
"SA_0000001439","PUBLISHED","2002","EUR","BGR","","17.19","17.19000","","","","",""
"SA_0000001439","PUBLISHED","2002","EUR","AZE","","6.30","6.30000","","","","",""
"SA_0000001439","PUBLISHED","2002","EUR","AUT","","16.60","16.60000","","","","",""
"SA_0000001439","PUBLISHED","2002","WPR","AUS","","18.34","18.34000","","","","",""
"SA_0000001439","PUBLISHED","2002","EMR","DJI","","5.81","5.81000","","","","",""
"SA_0000001439","PUBLISHED","2002","SEAR","PRK","","14.08","14.08000","","","","",""
"SA_0000001439","PUBLISHED","2002","AFR","COD","","1.91","1.91000","","","","",""
"SA_0000001439","PUBLISHED","2002","EUR","DNK","","24.36","24.36000","","","","",""
"SA_0000001439","PUBLISHED","2002","AMR","BRB","","10.97","10.97000","","","","",""
"SA_0000001439","PUBLISHED","2002","SEAR","BGD","","1.39","1.39000","","","","",""
"SA_0000001439","PUBLISHED","2002","EMR","BHR","","6.67","6.67000","","","","",""
"SA_0000001439","PUBLISHED","2002","AMR","BHS","","10.76","10.76000","","","","",""
"SA_0000001439","PUBLISHED","2002","SEAR","BTN","","5.64","5.64000","","","","",""
"SA_0000001439","PUBLISHED","2002","AFR","BEN","","7.97","7.97000","","","","",""
"SA_0000001439","PUBLISHED","2002","AMR","BLZ","","3.58","3.58000","","","","",""
"SA_0000001439","PUBLISHED","2002","EUR","BEL","","16.71","16.71000","","","","",""
"SA_0000001439","PUBLISHED","2002","EUR","BLR","","17.25","17.25000","","","","",""
"SA_0000001439","PUBLISHED","2002","EUR","EST","","16.55","16.55000","","","","",""
"SA_0000001439","PUBLISHED","2002","AMR","DMA","","2.39","2.39000","","","","",""
"SA_0000001439","PUBLISHED","2002","AMR","DOM","","8.13","8.13000","","","","",""
"SA_0000001439","PUBLISHED","2002","AMR","ECU","","7.40","7.40000","","","","",""
"SA_0000001439","PUBLISHED","2002","EMR","EGY","","4.02","4.02000","","","","",""
"SA_0000001439","PUBLISHED","2002","EUR","FIN","","11.34","11.34000","","","","",""
"SA_0000001439","PUBLISHED","2002","AMR","SLV","","5.35","5.35000","","","","",""
"SA_0000001439","PUBLISHED","2002","AFR","GNQ","","3.27","3.27000","","","","",""
"SA_0000001439","PUBLISHED","2002","AFR","ERI","","7.05","7.05000","","","","",""
"SA_0000001439","PUBLISHED","2002","AFR","GIN","","5.89","5.89000","","","","",""
"SA_0000001439","PUBLISHED","2002","AFR","GNB","","8.33","8.33000","","","","",""
"SA_0000001439","PUBLISHED","2002","AMR","GUY","","7.36","7.36000","","","","",""
"SA_0000001439","PUBLISHED","2002","EUR","DEU","","19.58","19.58000","","","","",""
"SA_0000001439","PUBLISHED","2002","AFR","GHA","","7.17","7.17000","","","","",""
"SA_0000001439","PUBLISHED","2002","EUR","GRC","","13.08","13.08000","","","","",""
"SA_0000001439","PUBLISHED","2002","AMR","GRD","","15.53","15.53000","","","","",""
"SA_0000001439","PUBLISHED","2002","AMR","GTM","","2.90","2.90000","","","","",""
"SA_0000001439","PUBLISHED","2002","AFR","GAB","","6.88","6.88000","","","","",""
"SA_0000001439","PUBLISHED","2002","AFR","GMB","","4.74","4.74000","","","","",""
"SA_0000001439","PUBLISHED","2002","EUR","GEO","","7.04","7.04000","","","","",""
"SA_0000001439","PUBLISHED","2002","EMR","IRN","","6.59","6.59000","","","","",""
"SA_0000001439","PUBLISHED","2002","EUR","HRV","","21.13","21.13000","","","","",""
"SA_0000001439","PUBLISHED","2002","AMR","COL","","8.16","8.16000","","","","",""
"SA_0000001439","PUBLISHED","2002","WPR","CHN","","10.53","10.53000","","","","",""
"SA_0000001439","PUBLISHED","2002","EMR","IRQ","","5.55","5.55000","","","","",""
"SA_0000001439","PUBLISHED","2002","EUR","IRL","","19.35","19.35000","","","","",""
"SA_0000001439","PUBLISHED","2002","EUR","CZE","","27.88","27.88000","","","","",""
"SA_0000001439","PUBLISHED","2002","AFR","ETH","","10.33","10.33000","","","","",""
"SA_0000001439","PUBLISHED","2002","WPR","FJI","","3.99","3.99000","","","","",""
"SA_0000001439","PUBLISHED","2002","AMR","HTI","","5.47","5.47000","","","","",""
"SA_0000001439","PUBLISHED","2002","AMR","HND","","8.06","8.06000","","","","",""
"SA_0000001439","PUBLISHED","2002","EUR","HUN","","27.90","27.90000","","","","",""
"SA_0000001439","PUBLISHED","2002","WPR","MYS","","21.23","21.23000","","","","",""
"SA_0000001439","PUBLISHED","2002","SEAR","MDV","","6.35","6.35000","","","","",""
"SA_0000001439","PUBLISHED","2002","AFR","MLI","","6.15","6.15000","","","","",""
"SA_0000001439","PUBLISHED","2002","EUR","MLT","","16.63","16.63000","","","","",""
"SA_0000001439","PUBLISHED","2002","EUR","ISR","","19.97","19.97000","","","","",""
"SA_0000001439","PUBLISHED","2002","EUR","ITA","","14.77","14.77000","","","","",""
"SA_0000001439","PUBLISHED","2002","AMR","JAM","","14.55","14.55000","","","","",""
"SA_0000001439","PUBLISHED","2002","WPR","JPN","","14.93","14.93000","","","","",""
"SA_0000001439","PUBLISHED","2002","EMR","JOR","","14.23","14.23000","","","","",""
"SA_0000001439","PUBLISHED","2002","EUR","FRA","","15.46","15.46000","","","","",""
"SA_0000001439","PUBLISHED","2002","EUR","KAZ","","13.92","13.92000","","","","",""
"SA_0000001439","PUBLISHED","2002","AFR","KEN","","5.38","5.38000","","","","",""
"SA_0000001439","PUBLISHED","2002","EMR","KWT","","7.47","7.47000","","","","",""
"SA_0000001439","PUBLISHED","2002","EUR","ISL","","14.26","14.26000","","","","",""
"SA_0000001439","PUBLISHED","2002","SEAR","IND","","4.65","4.65000","","","","",""
"SA_0000001439","PUBLISHED","2002","SEAR","IDN","","17.30","17.30000","","","","",""
"SA_0000001439","PUBLISHED","2002","EUR","ARM","","10.60","10.60000","","","","",""
"SA_0000001439","PUBLISHED","2002","WPR","LAO","","11.60","11.60000","","","","",""
"SA_0000001439","PUBLISHED","2002","AFR","LSO","","4.05","4.05000","","","","",""
"SA_0000001439","PUBLISHED","2002","AFR","LBR","","10.69","10.69000","","","","",""
"SA_0000001439","PUBLISHED","2002","EMR","LBY","","5.30","5.30000","","","","",""
"SA_0000001439","PUBLISHED","2002","EUR","LTU","","17.30","17.30000","","","","",""
"SA_0000001439","PUBLISHED","2002","EUR","LUX","","17.26","17.26000","","","","",""
"SA_0000001439","PUBLISHED","2002","WPR","MHL","","4.22","4.22000","","","","",""
"SA_0000001439","PUBLISHED","2002","AFR","MRT","","8.22","8.22000","","","","",""
"SA_0000001439","PUBLISHED","2002","AFR","MUS","","6.30","6.30000","","","","",""
"SA_0000001439","PUBLISHED","2002","AMR","MEX","","4.47","4.47000","","","","",""
"SA_0000001439","PUBLISHED","2002","WPR","FSM","","3.35","3.35000","","","","",""
"SA_0000001439","PUBLISHED","2002","EUR","MCO","","12.95","12.95000","","","","",""
"SA_0000001439","PUBLISHED","2002","WPR","MNG","","4.59","4.59000","","","","",""
"SA_0000001439","PUBLISHED","2002","EUR","ME1","","16.66","16.66000","","","","",""
"SA_0000001439","PUBLISHED","2002","EUR","KGZ","","8.04","8.04000","","","","",""
"SA_0000001439","PUBLISHED","2002","EUR","NLD","","18.99","18.99000","","","","",""
"SA_0000001439","PUBLISHED","2002","WPR","NZL","","20.74","20.74000","","","","",""
"SA_0000001439","PUBLISHED","2002","AMR","NIC","","9.90","9.90000","","","","",""
"SA_0000001439","PUBLISHED","2002","AFR","NER","","9.97","9.97000","","","","",""
"SA_0000001439","PUBLISHED","2002","AFR","NGA","","9.55","9.55000","","","","",""
"SA_0000001439","PUBLISHED","2002","WPR","NIU","","2.77","2.77000","","","","",""
"SA_0000001439","PUBLISHED","2002","AFR","MDG","","7.99","7.99000","","","","",""
"SA_0000001439","PUBLISHED","2002","AFR","MWI","","2.99","2.99000","","","","",""
"SA_0000001439","PUBLISHED","2002","EUR","NOR","","21.29","21.29000","","","","",""
"SA_0000001439","PUBLISHED","2002","EMR","OMN","","5.23","5.23000","","","","",""
"SA_0000001439","PUBLISHED","2002","EMR","PAK","","4.40","4.40000","","","","",""
"SA_0000001439","PUBLISHED","2002","WPR","PLW","","3.48","3.48000","","","","",""
"SA_0000001439","PUBLISHED","2002","AMR","PAN","","9.59","9.59000","","","","",""
"SA_0000001439","PUBLISHED","2002","WPR","PNG","","5.81","5.81000","","","","",""
"SA_0000001439","PUBLISHED","2002","AMR","PRY","","7.25","7.25000","","","","",""
"SA_0000001439","PUBLISHED","2002","AMR","PER","","12.41","12.41000","","","","",""
"SA_0000001439","PUBLISHED","2002","EMR","MAR","","5.21","5.21000","","","","",""
"SA_0000001439","PUBLISHED","2002","AFR","MOZ","","6.76","6.76000","","","","",""
"SA_0000001439","PUBLISHED","2002","SEAR","MMR","","4.66","4.66000","","","","",""
"SA_0000001439","PUBLISHED","2002","AFR","NAM","","8.08","8.08000","","","","",""
"SA_0000001439","PUBLISHED","2002","WPR","NRU","","4.30","4.30000","","","","",""
"SA_0000001439","PUBLISHED","2002","SEAR","NPL","","5.71","5.71000","","","","",""
"SA_0000001439","PUBLISHED","2002","WPR","PHL","","6.35","6.35000","","","","",""
"SA_0000001439","PUBLISHED","2002","EUR","POL","","20.67","20.67000","","","","",""
"SA_0000001439","PUBLISHED","2002","EMR","QAT","","6.55","6.55000","","","","",""
"SA_0000001439","PUBLISHED","2002","WPR","KOR","","6.64","6.64000","","","","",""
"SA_0000001439","PUBLISHED","2002","AFR","RWA","","7.79","7.79000","","","","",""
"SA_0000001439","PUBLISHED","2002","AMR","KNA","","7.78","7.78000","","","","",""
"SA_0000001439","PUBLISHED","2002","AMR","LCA","","5.42","5.42000","","","","",""
"SA_0000001439","PUBLISHED","2002","AMR","VCT","","8.06","8.06000","","","","",""
"SA_0000001439","PUBLISHED","2002","EUR","ROU","","14.01","14.01000","","","","",""
"SA_0000001439","PUBLISHED","2002","WPR","WSM","","3.39","3.39000","","","","",""
"SA_0000001439","PUBLISHED","2002","EUR","SMR","","9.86","9.86000","","","","",""
"SA_0000001439","PUBLISHED","2002","AFR","STP","","8.14","8.14000","","","","",""
"SA_0000001439","PUBLISHED","2002","EMR","SAU","","7.49","7.49000","","","","",""
"SA_0000001439","PUBLISHED","2002","AFR","SEN","","3.78","3.78000","","","","",""
"SA_0000001439","PUBLISHED","2002","AFR","SYC","","4.07","4.07000","","","","",""
"SA_0000001439","PUBLISHED","2002","AFR","SLE","","9.61","9.61000","","","","",""
"SA_0000001439","PUBLISHED","2002","WPR","SGP","","20.25","20.25000","","","","",""
"SA_0000001439","PUBLISHED","2002","EUR","SVK","","25.41","25.41000","","","","",""
"SA_0000001439","PUBLISHED","2002","EUR","SVN","","20.31","20.31000","","","","",""
"SA_0000001439","PUBLISHED","2002","EMR","SOM","","7.14","7.14000","","","","",""
"SA_0000001439","PUBLISHED","2002","AFR","ZAF","","11.02","11.02000","","","","",""
"SA_0000001439","PUBLISHED","2002","SEAR","LKA","","1.25","1.25000","","","","",""
"SA_0000001439","PUBLISHED","2002","EMR","SDN","","5.91","5.91000","","","","",""
"SA_0000001439","PUBLISHED","2002","AMR","SUR","","12.00","12.00000","","","","",""
"SA_0000001439","PUBLISHED","2002","AFR","SWZ","","11.07","11.07000","","","","",""
"SA_0000001439","PUBLISHED","2002","EUR","SWE","","13.96","13.96000","","","","",""
"SA_0000001439","PUBLISHED","2002","EUR","TKM","","5.26","5.26000","","","","",""
"SA_0000001439","PUBLISHED","2002","AMR","USA","","14.81","14.81000","","","","",""
"SA_0000001439","PUBLISHED","2002","AMR","URY","","21.52","21.52000","","","","",""
"SA_0000001439","PUBLISHED","2002","WPR","TUV","","4.07","4.07000","","","","",""
"SA_0000001439","PUBLISHED","2002","AFR","UGA","","10.73","10.73000","","","","",""
"SA_0000001439","PUBLISHED","2002","EUR","CHE","","12.70","12.70000","","","","",""
"SA_0000001439","PUBLISHED","2002","EUR","UKR","","15.98","15.98000","","","","",""
"SA_0000001439","PUBLISHED","2002","EMR","ARE","","7.37","7.37000","","","","",""
"SA_0000001439","PUBLISHED","2002","EUR","GBR","","17.27","17.27000","","","","",""
"SA_0000001439","PUBLISHED","2002","AFR","TZA","","8.91","8.91000","","","","",""
"SA_0000001439","PUBLISHED","2002","EMR","SYR","","4.73","4.73000","","","","",""
"SA_0000001439","PUBLISHED","2002","EUR","TJK","","4.65","4.65000","","","","",""
"SA_0000001439","PUBLISHED","2002","SEAR","THA","","11.07","11.07000","","","","",""
"SA_0000001439","PUBLISHED","2002","EUR","MKD","","15.07","15.07000","","","","",""
"SA_0000001439","PUBLISHED","2002","SEAR","TLS","","6.02","6.02000","","","","",""
"SA_0000001439","PUBLISHED","2002","AFR","TGO","","7.64","7.64000","","","","",""
"SA_0000001439","PUBLISHED","2002","WPR","TON","","3.17","3.17000","","","","",""
"SA_0000001439","PUBLISHED","2002","AMR","TTO","","10.50","10.50000","","","","",""
"SA_0000001439","PUBLISHED","2002","EMR","TUN","","6.34","6.34000","","","","",""
"SA_0000001439","PUBLISHED","2002","EUR","TUR","","6.53","6.53000","","","","",""
"SA_0000001439","PUBLISHED","2002","EUR","UZB","","3.87","3.87000","","","","",""
"SA_0000001439","PUBLISHED","2004","AFR","AGO","FMLE","5.7","5.70000","","","","",""
"SA_0000001439","PUBLISHED","2004","AFR","AGO","BTSX","7.0","7.00000","","","","",""
"SA_0000001439","PUBLISHED","2004","AFR","AGO","MLE","8.7","8.70000","","","","",""
"SA_0000001439","PUBLISHED","2004","AMR","ATG","MLE","16.4","16.40000","","","","",""
"SA_0000001439","PUBLISHED","2004","AMR","ATG","BTSX","10.8","10.80000","","","","",""
"SA_0000001439","PUBLISHED","2004","AMR","ATG","FMLE","6.5","6.50000","","","","",""
"SA_0000001439","PUBLISHED","2004","AMR","ARG","BTSX","16.2","16.20000","","","","",""
"SA_0000001439","PUBLISHED","2004","AMR","ARG","MLE","21.6","21.60000","","","","",""
"SA_0000001439","PUBLISHED","2004","AMR","ARG","FMLE","12.2","12.20000","","","","",""
"SA_0000001439","PUBLISHED","2004","EUR","ARM","FMLE","7.7","7.70000","","","","",""
"SA_0000001439","PUBLISHED","2004","EUR","ARM","BTSX","8.4","8.40000","","","","",""
"SA_0000001439","PUBLISHED","2004","EUR","ARM","MLE","9.5","9.50000","","","","",""
"SA_0000001439","PUBLISHED","2004","WPR","AUS","BTSX","16.2","16.20000","","","","",""
"SA_0000001439","PUBLISHED","2004","WPR","AUS","FMLE","13.1","13.10000","","","","",""
"SA_0000001439","PUBLISHED","2004","WPR","AUS","MLE","19.6","19.60000","","","","",""
"SA_0000001439","PUBLISHED","2004","EUR","AUT","BTSX","16.2","16.20000","","","","",""
"SA_0000001439","PUBLISHED","2004","EUR","AUT","FMLE","12.2","12.20000","","","","",""
"SA_0000001439","PUBLISHED","2004","EUR","AUT","MLE","22.0","22.00000","","","","",""
"SA_0000001439","PUBLISHED","2004","EUR","AZE","FMLE","2.9","2.90000","","","","",""
"SA_0000001439","PUBLISHED","2004","EUR","AZE","MLE","4.2","4.20000","","","","",""
"SA_0000001439","PUBLISHED","2004","EUR","AZE","BTSX","3.4","3.40000","","","","",""
"SA_0000001439","PUBLISHED","2004","AMR","BHS","MLE","11.1","11.10000","","","","",""
"SA_0000001439","PUBLISHED","2004","AMR","BHS","BTSX","10.7","10.70000","","","","",""
"SA_0000001439","PUBLISHED","2004","AMR","BHS","FMLE","10.5","10.50000","","","","",""
"SA_0000001439","PUBLISHED","2004","EMR","BHR","MLE","6.5","6.50000","","","","",""
"SA_0000001439","PUBLISHED","2004","EMR","BHR","FMLE","5.7","5.70000","","","","",""
"SA_0000001439","PUBLISHED","2004","EMR","BHR","BTSX","6.0","6.00000","","","","",""
"SA_0000001439","PUBLISHED","2004","SEAR","BGD","BTSX","1.3","1.30000","","","","",""
"SA_0000001439","PUBLISHED","2004","SEAR","BGD","FMLE","1.4","1.40000","","","","",""
"SA_0000001439","PUBLISHED","2004","SEAR","BGD","MLE","1.2","1.20000","","","","",""
"SA_0000001439","PUBLISHED","2004","AMR","BRB","BTSX","11.3","11.30000","","","","",""
"SA_0000001439","PUBLISHED","2004","AMR","BRB","FMLE","9.6","9.60000","","","","",""
"SA_0000001439","PUBLISHED","2004","AMR","BRB","MLE","13.6","13.60000","","","","",""
"SA_0000001439","PUBLISHED","2002","EUR","ESP","","16.90","16.90000","","","","",""
"SA_0000001439","PUBLISHED","2002","WPR","VNM","","10.92","10.92000","","","","",""
"SA_0000001439","PUBLISHED","2002","EMR","YEM","","9.08","9.08000","","","","",""
"SA_0000001439","PUBLISHED","2002","AFR","ZMB","","5.11","5.11000","","","","",""
"SA_0000001439","PUBLISHED","2002","AFR","ZWE","","5.38","5.38000","","","","",""
"SA_0000001439","PUBLISHED","2002","AFR","CIV","","5.41","5.41000","","","","",""
"SA_0000001439","PUBLISHED","2004","EMR","AFG","BTSX","8.8","8.80000","","","","",""
"SA_0000001439","PUBLISHED","2004","EUR","ALB","FMLE","12.3","12.30000","","","","",""
"SA_0000001439","PUBLISHED","2004","EUR","ALB","BTSX","17.7","17.70000","","","","",""
"SA_0000001439","PUBLISHED","2004","EUR","ALB","MLE","24.0","24.00000","","","","",""
"SA_0000001439","PUBLISHED","2004","AFR","DZA","MLE","7.0","7.00000","","","","",""
"SA_0000001439","PUBLISHED","2004","AFR","DZA","BTSX","6.7","6.70000","","","","",""
"SA_0000001439","PUBLISHED","2004","AFR","DZA","FMLE","6.5","6.50000","","","","",""
"SA_0000001439","PUBLISHED","2004","EUR","AND","BTSX","17.0","17.00000","","","","",""
"SA_0000001439","PUBLISHED","2004","EUR","AND","MLE","22.8","22.80000","","","","",""
"SA_0000001439","PUBLISHED","2004","EUR","AND","FMLE","12.6","12.60000","","","","",""
"SA_0000001439","PUBLISHED","2002","WPR","VUT","","3.50","3.50000","","","","",""
"SA_0000001439","PUBLISHED","2002","EUR","LVA","","16.80","16.80000","","","","",""
"SA_0000001439","PUBLISHED","2002","EMR","LBN","","2.66","2.66000","","","","",""
"SA_0000001439","PUBLISHED","2002","EUR","PRT","","18.56","18.56000","","","","",""
"SA_0000001439","PUBLISHED","2002","AMR","VEN","","8.29","8.29000","","","","",""
"SA_0000001439","PUBLISHED","2002","EUR","MDA","","14.14","14.14000","","","","",""
"SA_0000001439","PUBLISHED","2002","EUR","RUS","","18.26","18.26000","","","","",""
"SA_0000001439","PUBLISHED","2002","WPR","SLB","","3.48","3.48000","","","","",""
"SA_0000001439","PUBLISHED","2004","EUR","BLR","BTSX","17.7","17.70000","","","","",""
"SA_0000001439","PUBLISHED","2004","EUR","BLR","MLE","22.9","22.90000","","","","",""
"SA_0000001439","PUBLISHED","2004","EUR","BLR","FMLE","14.8","14.80000","","","","",""
"SA_0000001439","PUBLISHED","2004","EUR","BEL","MLE","20.3","20.30000","","","","",""
"SA_0000001439","PUBLISHED","2004","EUR","BEL","BTSX","17.1","17.10000","","","","",""
"SA_0000001439","PUBLISHED","2004","EUR","BEL","FMLE","14.6","14.60000","","","","",""
"SA_0000001439","PUBLISHED","2004","AMR","BLZ","FMLE","5.6","5.60000","","","","",""
"SA_0000001439","PUBLISHED","2004","AMR","BLZ","BTSX","4.2","4.20000","","","","",""
"SA_0000001439","PUBLISHED","2004","AMR","BLZ","MLE","2.5","2.50000","","","","",""
"SA_0000001439","PUBLISHED","2004","AFR","BEN","BTSX","6.7","6.70000","","","","",""
"SA_0000001439","PUBLISHED","2004","AFR","BEN","MLE","7.8","7.80000","","","","",""
"SA_0000001439","PUBLISHED","2004","AFR","BEN","FMLE","5.8","5.80000","","","","",""
"SA_0000001439","PUBLISHED","2004","SEAR","BTN","MLE","5.4","5.40000","","","","",""
"SA_0000001439","PUBLISHED","2004","SEAR","BTN","FMLE","4.4","4.40000","","","","",""
"SA_0000001439","PUBLISHED","2004","SEAR","BTN","BTSX","4.9","4.90000","","","","",""
"SA_0000001439","PUBLISHED","2004","AMR","BOL","BTSX","16.9","16.90000","","","","",""
"SA_0000001439","PUBLISHED","2004","AMR","BOL","MLE","19.3","19.30000","","","","",""
"SA_0000001439","PUBLISHED","2004","AMR","BOL","FMLE","14.8","14.80000","","","","",""
"SA_0000001439","PUBLISHED","2004","EUR","BIH","FMLE","9.1","9.10000","","","","",""
"SA_0000001439","PUBLISHED","2004","EUR","BIH","BTSX","12.0","12.00000","","","","",""
"SA_0000001439","PUBLISHED","2004","EUR","BIH","MLE","16.2","16.20000","","","","",""
"SA_0000001439","PUBLISHED","2004","AFR","BWA","FMLE","3.7","3.70000","","","","",""
"SA_0000001439","PUBLISHED","2004","AFR","BWA","MLE","5.1","5.10000","","","","",""
"SA_0000001439","PUBLISHED","2004","AFR","BWA","BTSX","4.3","4.30000","","","","",""
"SA_0000001439","PUBLISHED","2004","AMR","BRA","FMLE","11.2","11.20000","","","","",""
"SA_0000001439","PUBLISHED","2004","AMR","BRA","MLE","10.1","10.10000","","","","",""
"SA_0000001439","PUBLISHED","2004","AMR","BRA","BTSX","10.7","10.70000","","","","",""
"SA_0000001439","PUBLISHED","2004","WPR","BRN","BTSX","11.4","11.40000","","","","",""
"SA_0000001439","PUBLISHED","2004","WPR","BRN","FMLE","6.8","6.80000","","","","",""
"SA_0000001439","PUBLISHED","2004","WPR","BRN","MLE","15.9","15.90000","","","","",""
"SA_0000001439","PUBLISHED","2004","EUR","BGR","FMLE","12.8","12.80000","","","","",""
"SA_0000001439","PUBLISHED","2004","EUR","BGR","BTSX","16.8","16.80000","","","","",""
"SA_0000001439","PUBLISHED","2004","EUR","BGR","MLE","22.0","22.00000","","","","",""
"SA_0000001439","PUBLISHED","2004","AFR","BFA","BTSX","4.7","4.70000","","","","",""
"SA_0000001439","PUBLISHED","2004","AFR","BFA","MLE","9.7","9.70000","","","","",""
"SA_0000001439","PUBLISHED","2004","AFR","BFA","FMLE","0.9","0.90000","","","","",""
"SA_0000001439","PUBLISHED","2004","AFR","BDI","FMLE","4.8","4.80000","","","","",""
"SA_0000001439","PUBLISHED","2004","AFR","BDI","MLE","10.3","10.30000","","","","",""
"SA_0000001439","PUBLISHED","2004","AFR","BDI","BTSX","6.9","6.90000","","","","",""
"SA_0000001439","PUBLISHED","2004","WPR","KHM","FMLE","8.6","8.60000","","","","",""
"SA_0000001439","PUBLISHED","2004","WPR","KHM","BTSX","10.1","10.10000","","","","",""
"SA_0000001439","PUBLISHED","2004","WPR","KHM","MLE","12.0","12.00000","","","","",""
"SA_0000001439","PUBLISHED","2004","AFR","CMR","FMLE","2.9","2.90000","","","","",""
"SA_0000001439","PUBLISHED","2004","AFR","CMR","BTSX","3.3","3.30000","","","","",""
"SA_0000001439","PUBLISHED","2004","AFR","CMR","MLE","3.7","3.70000","","","","",""
"SA_0000001439","PUBLISHED","2004","AMR","CAN","BTSX","15.4","15.40000","","","","",""
"SA_0000001439","PUBLISHED","2004","AMR","CAN","MLE","19.0","19.00000","","","","",""
"SA_0000001439","PUBLISHED","2004","AMR","CAN","FMLE","12.5","12.50000","","","","",""
"SA_0000001439","PUBLISHED","2004","AFR","CPV","BTSX","4.5","4.50000","","","","",""
"SA_0000001439","PUBLISHED","2004","AFR","CPV","MLE","5.6","5.60000","","","","",""
"SA_0000001439","PUBLISHED","2004","AFR","CPV","FMLE","3.8","3.80000","","","","",""
"SA_0000001439","PUBLISHED","2004","AFR","CAF","FMLE","2.8","2.80000","","","","",""
"SA_0000001439","PUBLISHED","2004","AFR","CAF","BTSX","2.9","2.90000","","","","",""
"SA_0000001439","PUBLISHED","2004","AFR","CAF","MLE","3.0","3.00000","","","","",""
"SA_0000001439","PUBLISHED","2004","AFR","TCD","BTSX","3.0","3.00000","","","","",""
"SA_0000001439","PUBLISHED","2004","AFR","TCD","MLE","3.1","3.10000","","","","",""
"SA_0000001439","PUBLISHED","2004","AFR","TCD","FMLE","3.0","3.00000","","","","",""
"SA_0000001439","PUBLISHED","2004","AMR","CHL","FMLE","9.2","9.20000","","","","",""
"SA_0000001439","PUBLISHED","2004","AMR","CHL","BTSX","9.9","9.90000","","","","",""
"SA_0000001439","PUBLISHED","2004","AMR","CHL","MLE","11.0","11.00000","","","","",""
"SA_0000001439","PUBLISHED","2004","WPR","CHN","FMLE","7.0","7.00000","","","","",""
"SA_0000001439","PUBLISHED","2004","WPR","CHN","MLE","10.7","10.70000","","","","",""
"SA_0000001439","PUBLISHED","2004","WPR","CHN","BTSX","8.7","8.70000","","","","",""
"SA_0000001439","PUBLISHED","2004","AMR","COL","MLE","6.8","6.80000","","","","",""
"SA_0000001439","PUBLISHED","2004","AMR","COL","BTSX","7.6","7.60000","","","","",""
"SA_0000001439","PUBLISHED","2004","AMR","COL","FMLE","8.3","8.30000","","","","",""
"SA_0000001439","PUBLISHED","2004","AFR","COM","FMLE","3.6","3.60000","","","","",""
"SA_0000001439","PUBLISHED","2004","AFR","COM","MLE","8.2","8.20000","","","","",""
"SA_0000001439","PUBLISHED","2004","AFR","COM","BTSX","5.6","5.60000","","","","",""
"SA_0000001439","PUBLISHED","2004","AFR","COG","MLE","14.4","14.40000","","","","",""
"SA_0000001439","PUBLISHED","2004","AFR","COG","BTSX","7.8","7.80000","","","","",""
"SA_0000001439","PUBLISHED","2004","AFR","COG","FMLE","3.2","3.20000","","","","",""
"SA_0000001439","PUBLISHED","2004","WPR","COK","MLE","3.6","3.60000","","","","",""
"SA_0000001439","PUBLISHED","2004","WPR","COK","BTSX","2.6","2.60000","","","","",""
"SA_0000001439","PUBLISHED","2004","WPR","COK","FMLE","1.9","1.90000","","","","",""
"SA_0000001439","PUBLISHED","2004","AMR","CRI","FMLE","11.1","11.10000","","","","",""
"SA_0000001439","PUBLISHED","2004","AMR","CRI","BTSX","11.3","11.30000","","","","",""
"SA_0000001439","PUBLISHED","2004","AMR","CRI","MLE","11.6","11.60000","","","","",""
"SA_0000001439","PUBLISHED","2004","EUR","HRV","FMLE","15.3","15.30000","","","","",""
"SA_0000001439","PUBLISHED","2004","EUR","HRV","BTSX","21.6","21.60000","","","","",""
"SA_0000001439","PUBLISHED","2004","EUR","HRV","MLE","31.1","31.10000","","","","",""
"SA_0000001439","PUBLISHED","2004","AMR","CUB","MLE","12.4","12.40000","","","","",""
"SA_0000001439","PUBLISHED","2004","AMR","CUB","FMLE","12.7","12.70000","","","","",""
"SA_0000001439","PUBLISHED","2004","AMR","CUB","BTSX","12.6","12.60000","","","","",""
"SA_0000001439","PUBLISHED","2004","EUR","CYP","MLE","7.6","7.60000","","","","",""
"SA_0000001439","PUBLISHED","2004","EUR","CYP","BTSX","7.6","7.60000","","","","",""
"SA_0000001439","PUBLISHED","2004","EUR","CYP","FMLE","7.6","7.60000","","","","",""
"SA_0000001439","PUBLISHED","2004","EUR","CZE","BTSX","28.3","28.30000","","","","",""
"SA_0000001439","PUBLISHED","2004","EUR","CZE","FMLE","19.7","19.70000","","","","",""
"SA_0000001439","PUBLISHED","2004","EUR","CZE","MLE","40.2","40.20000","","","","",""
"SA_0000001439","PUBLISHED","2004","SEAR","PRK","FMLE","9.5","9.50000","","","","",""
"SA_0000001439","PUBLISHED","2004","SEAR","PRK","BTSX","8.8","8.80000","","","","",""
"SA_0000001439","PUBLISHED","2004","SEAR","PRK","MLE","7.8","7.80000","","","","",""
"SA_0000001439","PUBLISHED","2004","AFR","COD","FMLE","1.8","1.80000","","","","",""
"SA_0000001439","PUBLISHED","2004","AFR","COD","MLE","2.3","2.30000","","","","",""
"SA_0000001439","PUBLISHED","2004","AFR","COD","BTSX","1.3","1.30000","","","","",""
"SA_0000001439","PUBLISHED","2004","EUR","DNK","FMLE","21.0","21.00000","","","","",""
"SA_0000001439","PUBLISHED","2004","EUR","DNK","BTSX","24.2","24.20000","","","","",""
"SA_0000001439","PUBLISHED","2004","EUR","DNK","MLE","27.9","27.90000","","","","",""
"SA_0000001439","PUBLISHED","2004","EMR","DJI","FMLE","2.9","2.90000","","","","",""
"SA_0000001439","PUBLISHED","2004","EMR","DJI","BTSX","4.2","4.20000","","","","",""
"SA_0000001439","PUBLISHED","2004","EMR","DJI","MLE","5.9","5.90000","","","","",""
"SA_0000001439","PUBLISHED","2004","AMR","DMA","FMLE","10.7","10.70000","","","","",""
"SA_0000001439","PUBLISHED","2004","AMR","DMA","MLE","10.1","10.10000","","","","",""
"SA_0000001439","PUBLISHED","2004","AMR","DMA","BTSX","10.6","10.60000","","","","",""
"SA_0000001439","PUBLISHED","2004","AMR","DOM","FMLE","11.4","11.40000","","","","",""
"SA_0000001439","PUBLISHED","2004","AMR","DOM","MLE","10.0","10.00000","","","","",""
"SA_0000001439","PUBLISHED","2004","AMR","DOM","BTSX","10.7","10.70000","","","","",""
"SA_0000001439","PUBLISHED","2004","AMR","ECU","BTSX","6.2","6.20000","","","","",""
"SA_0000001439","PUBLISHED","2004","AMR","ECU","FMLE","7.0","7.00000","","","","",""
"SA_0000001439","PUBLISHED","2004","AMR","ECU","MLE","5.4","5.40000","","","","",""
"SA_0000001439","PUBLISHED","2004","EMR","EGY","MLE","4.9","4.90000","","","","",""
"SA_0000001439","PUBLISHED","2004","EMR","EGY","BTSX","3.6","3.60000","","","","",""
"SA_0000001439","PUBLISHED","2004","EMR","EGY","FMLE","2.6","2.60000","","","","",""
"SA_0000001439","PUBLISHED","2004","AMR","SLV","MLE","3.0","3.00000","","","","",""
"SA_0000001439","PUBLISHED","2004","AMR","SLV","BTSX","4.2","4.20000","","","","",""
"SA_0000001439","PUBLISHED","2004","AMR","SLV","FMLE","5.2","5.20000","","","","",""
"SA_0000001439","PUBLISHED","2004","AFR","GNQ","BTSX","3.2","3.20000","","","","",""
"SA_0000001439","PUBLISHED","2004","AFR","GNQ","FMLE","3.1","3.10000","","","","",""
"SA_0000001439","PUBLISHED","2004","AFR","GNQ","MLE","3.3","3.30000","","","","",""
"SA_0000001439","PUBLISHED","2004","AFR","ERI","FMLE","3.6","3.60000","","","","",""
"SA_0000001439","PUBLISHED","2004","AFR","ERI","MLE","8.1","8.10000","","","","",""
"SA_0000001439","PUBLISHED","2004","AFR","ERI","BTSX","5.2","5.20000","","","","",""
"SA_0000001439","PUBLISHED","2004","EUR","EST","MLE","22.6","22.60000","","","","",""
"SA_0000001439","PUBLISHED","2004","EUR","EST","BTSX","18.1","18.10000","","","","",""
"SA_0000001439","PUBLISHED","2004","EUR","EST","FMLE","15.9","15.90000","","","","",""
"SA_0000001439","PUBLISHED","2004","AFR","ETH","BTSX","7.2","7.20000","","","","",""
"SA_0000001439","PUBLISHED","2004","AFR","ETH","FMLE","4.4","4.40000","","","","",""
"SA_0000001439","PUBLISHED","2004","AFR","ETH","MLE","10.8","10.80000","","","","",""
"SA_0000001439","PUBLISHED","2004","WPR","FJI","MLE","3.3","3.30000","","","","",""
"SA_0000001439","PUBLISHED","2004","WPR","FJI","BTSX","2.7","2.70000","","","","",""
"SA_0000001439","PUBLISHED","2004","WPR","FJI","FMLE","2.3","2.30000","","","","",""
"SA_0000001439","PUBLISHED","2004","EUR","FIN","FMLE","8.8","8.80000","","","","",""
"SA_0000001439","PUBLISHED","2004","EUR","FIN","MLE","13.6","13.60000","","","","",""
"SA_0000001439","PUBLISHED","2004","EUR","FIN","BTSX","10.8","10.80000","","","","",""
"SA_0000001439","PUBLISHED","2004","EUR","FRA","MLE","24.3","24.30000","","","","",""
"SA_0000001439","PUBLISHED","2004","EUR","FRA","BTSX","18.2","18.20000","","","","",""
"SA_0000001439","PUBLISHED","2004","EUR","FRA","FMLE","13.5","13.50000","","","","",""
"SA_0000001439","PUBLISHED","2004","AFR","GAB","BTSX","5.2","5.20000","","","","",""
"SA_0000001439","PUBLISHED","2004","AFR","GAB","MLE","6.6","6.60000","","","","",""
"SA_0000001439","PUBLISHED","2004","AFR","GAB","FMLE","4.0","4.00000","","","","",""
"SA_0000001439","PUBLISHED","2004","AFR","GMB","BTSX","3.9","3.90000","","","","",""
"SA_0000001439","PUBLISHED","2004","AFR","GMB","FMLE","5.4","5.40000","","","","",""
"SA_0000001439","PUBLISHED","2004","AFR","GMB","MLE","2.2","2.20000","","","","",""
"SA_0000001439","PUBLISHED","2004","EUR","GEO","FMLE","3.1","3.10000","","","","",""
"SA_0000001439","PUBLISHED","2004","EUR","GEO","BTSX","3.9","3.90000","","","","",""
"SA_0000001439","PUBLISHED","2004","EUR","GEO","MLE","5.0","5.00000","","","","",""
"SA_0000001439","PUBLISHED","2004","EUR","DEU","MLE","23.0","23.00000","","","","",""
"SA_0000001439","PUBLISHED","2004","EUR","DEU","FMLE","14.6","14.60000","","","","",""
"SA_0000001439","PUBLISHED","2004","EUR","DEU","BTSX","18.2","18.20000","","","","",""
"SA_0000001439","PUBLISHED","2004","AFR","GHA","MLE","7.4","7.40000","","","","",""
"SA_0000001439","PUBLISHED","2004","AFR","GHA","BTSX","6.0","6.00000","","","","",""
"SA_0000001439","PUBLISHED","2004","AFR","GHA","FMLE","4.6","4.60000","","","","",""
"SA_0000001439","PUBLISHED","2004","EUR","GRC","MLE","14.6","14.60000","","","","",""
"SA_0000001439","PUBLISHED","2004","EUR","GRC","FMLE","9.6","9.60000","","","","",""
"SA_0000001439","PUBLISHED","2004","EUR","GRC","BTSX","11.9","11.90000","","","","",""
"SA_0000001439","PUBLISHED","2004","AMR","GRD","BTSX","15.0","15.00000","","","","",""
"SA_0000001439","PUBLISHED","2004","AMR","GRD","MLE","20.4","20.40000","","","","",""
"SA_0000001439","PUBLISHED","2004","AMR","GRD","FMLE","10.9","10.90000","","","","",""
"SA_0000001439","PUBLISHED","2004","AMR","GTM","MLE","6.5","6.50000","","","","",""
"SA_0000001439","PUBLISHED","2004","AMR","GTM","BTSX","6.9","6.90000","","","","",""
"SA_0000001439","PUBLISHED","2004","AMR","GTM","FMLE","7.1","7.10000","","","","",""
"SA_0000001439","PUBLISHED","2004","AFR","GIN","MLE","6.6","6.60000","","","","",""
"SA_0000001439","PUBLISHED","2004","AFR","GIN","FMLE","7.3","7.30000","","","","",""
"SA_0000001439","PUBLISHED","2004","AFR","GIN","BTSX","7.0","7.00000","","","","",""
"SA_0000001439","PUBLISHED","2004","AFR","GNB","BTSX","7.5","7.50000","","","","",""
"SA_0000001439","PUBLISHED","2004","AFR","GNB","FMLE","6.2","6.20000","","","","",""
"SA_0000001439","PUBLISHED","2004","AFR","GNB","MLE","9.1","9.10000","","","","",""
"SA_0000001439","PUBLISHED","2004","AMR","GUY","BTSX","8.5","8.50000","","","","",""
"SA_0000001439","PUBLISHED","2004","AMR","GUY","FMLE","9.5","9.50000","","","","",""
"SA_0000001439","PUBLISHED","2004","AMR","GUY","MLE","7.2","7.20000","","","","",""
"SA_0000001439","PUBLISHED","2004","AMR","HTI","BTSX","7.0","7.00000","","","","",""
"SA_0000001439","PUBLISHED","2004","AMR","HTI","MLE","7.2","7.20000","","","","",""
"SA_0000001439","PUBLISHED","2004","AMR","HTI","FMLE","6.8","6.80000","","","","",""
"SA_0000001439","PUBLISHED","2004","AMR","HND","MLE","7.6","7.60000","","","","",""
"SA_0000001439","PUBLISHED","2004","AMR","HND","BTSX","7.9","7.90000","","","","",""
"SA_0000001439","PUBLISHED","2004","AMR","HND","FMLE","8.2","8.20000","","","","",""
"SA_0000001439","PUBLISHED","2004","EUR","HUN","FMLE","21.1","21.10000","","","","",""
"SA_0000001439","PUBLISHED","2004","EUR","HUN","BTSX","29.3","29.30000","","","","",""
"SA_0000001439","PUBLISHED","2004","EUR","HUN","MLE","41.8","41.80000","","","","",""
"SA_0000001439","PUBLISHED","2004","EUR","ISL","BTSX","14.6","14.60000","","","","",""
"SA_0000001439","PUBLISHED","2004","EUR","ISL","FMLE","11.9","11.90000","","","","",""
"SA_0000001439","PUBLISHED","2004","EUR","ISL","MLE","17.8","17.80000","","","","",""
"SA_0000001439","PUBLISHED","2004","SEAR","IND","FMLE","4.4","4.40000","","","","",""
"SA_0000001439","PUBLISHED","2004","SEAR","IND","BTSX","5.1","5.10000","","","","",""
"SA_0000001439","PUBLISHED","2004","SEAR","IND","MLE","5.9","5.90000","","","","",""
"SA_0000001439","PUBLISHED","2004","SEAR","IDN","FMLE","15.6","15.60000","","","","",""
"SA_0000001439","PUBLISHED","2004","SEAR","IDN","BTSX","16.4","16.40000","","","","",""
"SA_0000001439","PUBLISHED","2004","SEAR","IDN","MLE","17.1","17.10000","","","","",""
"SA_0000001439","PUBLISHED","2004","EMR","IRN","FMLE","5.3","5.30000","","","","",""
"SA_0000001439","PUBLISHED","2004","EMR","IRN","MLE","7.9","7.90000","","","","",""
"SA_0000001439","PUBLISHED","2004","EMR","IRN","BTSX","6.6","6.60000","","","","",""
"SA_0000001439","PUBLISHED","2004","EMR","IRQ","BTSX","7.5","7.50000","","","","",""
"SA_0000001439","PUBLISHED","2004","EMR","IRQ","FMLE","4.4","4.40000","","","","",""
"SA_0000001439","PUBLISHED","2004","EMR","IRQ","MLE","10.7","10.70000","","","","",""
"SA_0000001439","PUBLISHED","2004","EUR","IRL","BTSX","19.9","19.90000","","","","",""
"SA_0000001439","PUBLISHED","2004","EUR","IRL","FMLE","14.4","14.40000","","","","",""
"SA_0000001439","PUBLISHED","2004","EUR","IRL","MLE","26.8","26.80000","","","","",""
"SA_0000001439","PUBLISHED","2004","EUR","ISR","BTSX","17.8","17.80000","","","","",""
"SA_0000001439","PUBLISHED","2004","EUR","ISR","MLE","21.1","21.10000","","","","",""
"SA_0000001439","PUBLISHED","2004","EUR","ISR","FMLE","15.5","15.50000","","","","",""
"SA_0000001439","PUBLISHED","2004","EUR","ITA","BTSX","14.8","14.80000","","","","",""
"SA_0000001439","PUBLISHED","2004","EUR","ITA","MLE","19.1","19.10000","","","","",""
"SA_0000001439","PUBLISHED","2004","EUR","ITA","FMLE","11.6","11.60000","","","","",""
"SA_0000001439","PUBLISHED","2004","AMR","JAM","BTSX","11.1","11.10000","","","","",""
"SA_0000001439","PUBLISHED","2004","AMR","JAM","FMLE","11.2","11.20000","","","","",""
"SA_0000001439","PUBLISHED","2004","AMR","JAM","MLE","11.0","11.00000","","","","",""
"SA_0000001439","PUBLISHED","2004","WPR","JPN","FMLE","11.9","11.90000","","","","",""
"SA_0000001439","PUBLISHED","2004","WPR","JPN","BTSX","15.4","15.40000","","","","",""
"SA_0000001439","PUBLISHED","2004","WPR","JPN","MLE","19.6","19.60000","","","","",""
"SA_0000001439","PUBLISHED","2004","EMR","JOR","MLE","13.0","13.00000","","","","",""
"SA_0000001439","PUBLISHED","2004","EMR","JOR","FMLE","10.5","10.50000","","","","",""
"SA_0000001439","PUBLISHED","2004","EMR","JOR","BTSX","11.7","11.70000","","","","",""
"SA_0000001439","PUBLISHED","2004","EUR","KAZ","MLE","7.0","7.00000","","","","",""
"SA_0000001439","PUBLISHED","2004","EUR","KAZ","FMLE","5.4","5.40000","","","","",""
"SA_0000001439","PUBLISHED","2004","EUR","KAZ","BTSX","5.9","5.90000","","","","",""
"SA_0000001439","PUBLISHED","2004","AFR","KEN","FMLE","3.3","3.30000","","","","",""
"SA_0000001439","PUBLISHED","2004","AFR","KEN","MLE","7.1","7.10000","","","","",""
"SA_0000001439","PUBLISHED","2004","AFR","KEN","BTSX","5.1","5.10000","","","","",""
"SA_0000001439","PUBLISHED","2004","WPR","KIR","BTSX","0.0","0.00000","","","","",""
"SA_0000001439","PUBLISHED","2004","WPR","KIR","FMLE","0.0","0.00000","","","","",""
"SA_0000001439","PUBLISHED","2004","WPR","KIR","MLE","0.0","0.00000","","","","",""
"SA_0000001439","PUBLISHED","2004","EMR","KWT","MLE","6.9","6.90000","","","","",""
"SA_0000001439","PUBLISHED","2004","EMR","KWT","FMLE","6.9","6.90000","","","","",""
"SA_0000001439","PUBLISHED","2004","EMR","KWT","BTSX","6.6","6.60000","","","","",""
"SA_0000001439","PUBLISHED","2004","EUR","KGZ","FMLE","4.2","4.20000","","","","",""
"SA_0000001439","PUBLISHED","2004","EUR","KGZ","MLE","3.9","3.90000","","","","",""
"SA_0000001439","PUBLISHED","2004","EUR","KGZ","BTSX","4.1","4.10000","","","","",""
"SA_0000001439","PUBLISHED","2004","WPR","LAO","BTSX","10.0","10.00000","","","","",""
"SA_0000001439","PUBLISHED","2004","WPR","LAO","MLE","12.0","12.00000","","","","",""
"SA_0000001439","PUBLISHED","2004","WPR","LAO","FMLE","8.3","8.30000","","","","",""
"SA_0000001439","PUBLISHED","2004","EUR","LVA","BTSX","18.5","18.50000","","","","",""
"SA_0000001439","PUBLISHED","2004","EUR","LVA","MLE","24.0","24.00000","","","","",""
"SA_0000001439","PUBLISHED","2004","EUR","LVA","FMLE","15.6","15.60000","","","","",""
"SA_0000001439","PUBLISHED","2004","EMR","LBN","BTSX","2.5","2.50000","","","","",""
"SA_0000001439","PUBLISHED","2004","EMR","LBN","MLE","3.0","3.00000","","","","",""
"SA_0000001439","PUBLISHED","2004","EMR","LBN","FMLE","2.1","2.10000","","","","",""
"SA_0000001439","PUBLISHED","2004","AFR","LSO","MLE","4.7","4.70000","","","","",""
"SA_0000001439","PUBLISHED","2004","AFR","LSO","BTSX","3.1","3.10000","","","","",""
"SA_0000001439","PUBLISHED","2004","AFR","LSO","FMLE","2.1","2.10000","","","","",""
"SA_0000001439","PUBLISHED","2004","AFR","LBR","FMLE","9.4","9.40000","","","","",""
"SA_0000001439","PUBLISHED","2004","AFR","LBR","MLE","9.0","9.00000","","","","",""
"SA_0000001439","PUBLISHED","2004","AFR","LBR","BTSX","9.4","9.40000","","","","",""
"SA_0000001439","PUBLISHED","2004","EMR","LBY","MLE","5.1","5.10000","","","","",""
"SA_0000001439","PUBLISHED","2004","EMR","LBY","FMLE","3.2","3.20000","","","","",""
"SA_0000001439","PUBLISHED","2004","EMR","LBY","BTSX","4.2","4.20000","","","","",""
"SA_0000001439","PUBLISHED","2004","EUR","LTU","FMLE","12.8","12.80000","","","","",""
"SA_0000001439","PUBLISHED","2004","EUR","LTU","MLE","22.4","22.40000","","","","",""
"SA_0000001439","PUBLISHED","2004","EUR","LTU","BTSX","16.3","16.30000","","","","",""
"SA_0000001439","PUBLISHED","2004","EUR","LUX","BTSX","16.7","16.70000","","","","",""
"SA_0000001439","PUBLISHED","2004","EUR","LUX","FMLE","12.3","12.30000","","","","",""
"SA_0000001439","PUBLISHED","2004","EUR","LUX","MLE","22.5","22.50000","","","","",""
"SA_0000001439","PUBLISHED","2004","AFR","MDG","BTSX","6.2","6.20000","","","","",""
"SA_0000001439","PUBLISHED","2004","AFR","MDG","MLE","8.6","8.60000","","","","",""
"SA_0000001439","PUBLISHED","2004","AFR","MDG","FMLE","4.2","4.20000","","","","",""
"SA_0000001439","PUBLISHED","2004","AFR","MWI","MLE","8.5","8.50000","","","","",""
"SA_0000001439","PUBLISHED","2004","AFR","MWI","BTSX","7.1","7.10000","","","","",""
"SA_0000001439","PUBLISHED","2004","AFR","MWI","FMLE","6.0","6.00000","","","","",""
"SA_0000001439","PUBLISHED","2004","WPR","MYS","BTSX","18.6","18.60000","","","","",""
"SA_0000001439","PUBLISHED","2004","WPR","MYS","FMLE","17.0","17.00000","","","","",""
"SA_0000001439","PUBLISHED","2004","WPR","MYS","MLE","20.0","20.00000","","","","",""
"SA_0000001439","PUBLISHED","2004","SEAR","MDV","BTSX","26.3","26.30000","","","","",""
"SA_0000001439","PUBLISHED","2004","SEAR","MDV","FMLE","28.0","28.00000","","","","",""
"SA_0000001439","PUBLISHED","2004","SEAR","MDV","MLE","24.8","24.80000","","","","",""
"SA_0000001439","PUBLISHED","2004","AFR","MLI","MLE","10.7","10.70000","","","","",""
"SA_0000001439","PUBLISHED","2004","AFR","MLI","BTSX","7.6","7.60000","","","","",""
"SA_0000001439","PUBLISHED","2004","AFR","MLI","FMLE","5.1","5.10000","","","","",""
"SA_0000001439","PUBLISHED","2004","EUR","MLT","FMLE","15.1","15.10000","","","","",""
"SA_0000001439","PUBLISHED","2004","EUR","MLT","MLE","19.7","19.70000","","","","",""
"SA_0000001439","PUBLISHED","2004","EUR","MLT","BTSX","17.0","17.00000","","","","",""
"SA_0000001439","PUBLISHED","2004","WPR","MHL","FMLE","3.4","3.40000","","","","",""
"SA_0000001439","PUBLISHED","2004","WPR","MHL","MLE","4.9","4.90000","","","","",""
"SA_0000001439","PUBLISHED","2004","WPR","MHL","BTSX","4.0","4.00000","","","","",""
"SA_0000001439","PUBLISHED","2004","AFR","MRT","BTSX","6.4","6.40000","","","","",""
"SA_0000001439","PUBLISHED","2004","AFR","MRT","MLE","8.0","8.00000","","","","",""
"SA_0000001439","PUBLISHED","2004","AFR","MRT","FMLE","5.1","5.10000","","","","",""
"SA_0000001439","PUBLISHED","2004","AFR","MUS","MLE","11.0","11.00000","","","","",""
"SA_0000001439","PUBLISHED","2004","AFR","MUS","FMLE","6.8","6.80000","","","","",""
"SA_0000001439","PUBLISHED","2004","AFR","MUS","BTSX","8.6","8.60000","","","","",""
"SA_0000001439","PUBLISHED","2004","AMR","MEX","MLE","5.6","5.60000","","","","",""
"SA_0000001439","PUBLISHED","2004","AMR","MEX","FMLE","5.1","5.10000","","","","",""
"SA_0000001439","PUBLISHED","2004","AMR","MEX","BTSX","5.3","5.30000","","","","",""
"SA_0000001439","PUBLISHED","2004","WPR","FSM","MLE","4.2","4.20000","","","","",""
"SA_0000001439","PUBLISHED","2004","WPR","FSM","BTSX","3.4","3.40000","","","","",""
"SA_0000001439","PUBLISHED","2004","WPR","FSM","FMLE","2.8","2.80000","","","","",""
"SA_0000001439","PUBLISHED","2004","EUR","MCO","BTSX","12.8","12.80000","","","","",""
"SA_0000001439","PUBLISHED","2004","EUR","MCO","FMLE","10.1","10.10000","","","","",""
"SA_0000001439","PUBLISHED","2004","EUR","MCO","MLE","16.2","16.20000","","","","",""
"SA_0000001439","PUBLISHED","2004","WPR","MNG","MLE","5.0","5.00000","","","","",""
"SA_0000001439","PUBLISHED","2004","WPR","MNG","FMLE","3.5","3.50000","","","","",""
"SA_0000001439","PUBLISHED","2004","WPR","MNG","BTSX","4.2","4.20000","","","","",""
"SA_0000001439","PUBLISHED","2004","EMR","MAR","BTSX","4.5","4.50000","","","","",""
"SA_0000001439","PUBLISHED","2004","EMR","MAR","FMLE","4.2","4.20000","","","","",""
"SA_0000001439","PUBLISHED","2004","EMR","MAR","MLE","4.9","4.90000","","","","",""
"SA_0000001439","PUBLISHED","2004","AFR","MOZ","BTSX","1.5","1.50000","","","","",""
"SA_0000001439","PUBLISHED","2004","AFR","MOZ","FMLE","1.3","1.30000","","","","",""
"SA_0000001439","PUBLISHED","2004","AFR","MOZ","MLE","1.8","1.80000","","","","",""
"SA_0000001439","PUBLISHED","2004","SEAR","MMR","BTSX","4.1","4.10000","","","","",""
"SA_0000001439","PUBLISHED","2004","SEAR","MMR","FMLE","3.6","3.60000","","","","",""
"SA_0000001439","PUBLISHED","2004","SEAR","MMR","MLE","4.7","4.70000","","","","",""
"SA_0000001439","PUBLISHED","2004","AFR","NAM","BTSX","3.7","3.70000","","","","",""
"SA_0000001439","PUBLISHED","2004","AFR","NAM","FMLE","2.8","2.80000","","","","",""
"SA_0000001439","PUBLISHED","2004","AFR","NAM","MLE","4.8","4.80000","","","","",""
"SA_0000001439","PUBLISHED","2004","WPR","NRU","BTSX","4.5","4.50000","","","","",""
"SA_0000001439","PUBLISHED","2004","WPR","NRU","FMLE","8.5","8.50000","","","","",""
"SA_0000001439","PUBLISHED","2004","WPR","NRU","MLE","0.0","0.00000","","","","",""
"SA_0000001439","PUBLISHED","2004","SEAR","NPL","MLE","6.0","6.00000","","","","",""
"SA_0000001439","PUBLISHED","2004","SEAR","NPL","BTSX","5.4","5.40000","","","","",""
"SA_0000001439","PUBLISHED","2004","SEAR","NPL","FMLE","4.9","4.90000","","","","",""
"SA_0000001439","PUBLISHED","2004","EUR","NLD","BTSX","18.8","18.80000","","","","",""
"SA_0000001439","PUBLISHED","2004","EUR","NLD","MLE","22.8","22.80000","","","","",""
"SA_0000001439","PUBLISHED","2004","EUR","NLD","FMLE","15.7","15.70000","","","","",""
"SA_0000001439","PUBLISHED","2004","WPR","NZL","FMLE","18.0","18.00000","","","","",""
"SA_0000001439","PUBLISHED","2004","WPR","NZL","BTSX","20.2","20.20000","","","","",""
"SA_0000001439","PUBLISHED","2004","WPR","NZL","MLE","23.0","23.00000","","","","",""
"SA_0000001439","PUBLISHED","2004","AMR","NIC","BTSX","7.1","7.10000","","","","",""
"SA_0000001439","PUBLISHED","2004","AMR","NIC","MLE","4.4","4.40000","","","","",""
"SA_0000001439","PUBLISHED","2004","AMR","NIC","FMLE","9.6","9.60000","","","","",""
"SA_0000001439","PUBLISHED","2004","AFR","NER","BTSX","11.2","11.20000","","","","",""
"SA_0000001439","PUBLISHED","2004","AFR","NER","MLE","13.5","13.50000","","","","",""
"SA_0000001439","PUBLISHED","2004","AFR","NER","FMLE","8.4","8.40000","","","","",""
"SA_0000001439","PUBLISHED","2004","AFR","NGA","BTSX","8.4","8.40000","","","","",""
"SA_0000001439","PUBLISHED","2004","AFR","NGA","MLE","9.4","9.40000","","","","",""
"SA_0000001439","PUBLISHED","2004","AFR","NGA","FMLE","7.3","7.30000","","","","",""
"SA_0000001439","PUBLISHED","2004","WPR","NIU","MLE","3.6","3.60000","","","","",""
"SA_0000001439","PUBLISHED","2004","WPR","NIU","BTSX","2.6","2.60000","","","","",""
"SA_0000001439","PUBLISHED","2004","WPR","NIU","FMLE","1.9","1.90000","","","","",""
"SA_0000001439","PUBLISHED","2004","EUR","NOR","MLE","25.6","25.60000","","","","",""
"SA_0000001439","PUBLISHED","2004","EUR","NOR","FMLE","17.5","17.50000","","","","",""
"SA_0000001439","PUBLISHED","2004","EUR","NOR","BTSX","21.0","21.00000","","","","",""
"SA_0000001439","PUBLISHED","2004","EMR","OMN","BTSX","4.4","4.40000","","","","",""
"SA_0000001439","PUBLISHED","2004","EMR","OMN","MLE","5.1","5.10000","","","","",""
"SA_0000001439","PUBLISHED","2004","EMR","OMN","FMLE","3.7","3.70000","","","","",""
"SA_0000001439","PUBLISHED","2004","EMR","PAK","MLE","4.6","4.60000","","","","",""
"SA_0000001439","PUBLISHED","2004","EMR","PAK","BTSX","4.4","4.40000","","","","",""
"SA_0000001439","PUBLISHED","2004","EMR","PAK","FMLE","4.1","4.10000","","","","",""
"SA_0000001439","PUBLISHED","2004","WPR","PLW","BTSX","3.4","3.40000","","","","",""
"SA_0000001439","PUBLISHED","2004","WPR","PLW","FMLE","2.7","2.70000","","","","",""
"SA_0000001439","PUBLISHED","2004","WPR","PLW","MLE","4.4","4.40000","","","","",""
"SA_0000001439","PUBLISHED","2004","AMR","PAN","MLE","8.0","8.00000","","","","",""
"SA_0000001439","PUBLISHED","2004","AMR","PAN","BTSX","8.3","8.30000","","","","",""
"SA_0000001439","PUBLISHED","2004","AMR","PAN","FMLE","8.5","8.50000","","","","",""
"SA_0000001439","PUBLISHED","2004","WPR","PNG","MLE","7.0","7.00000","","","","",""
"SA_0000001439","PUBLISHED","2004","WPR","PNG","FMLE","2.8","2.80000","","","","",""
"SA_0000001439","PUBLISHED","2004","WPR","PNG","BTSX","4.9","4.90000","","","","",""
"SA_0000001439","PUBLISHED","2004","AMR","PRY","BTSX","8.9","8.90000","","","","",""
"SA_0000001439","PUBLISHED","2004","AMR","PRY","FMLE","7.5","7.50000","","","","",""
"SA_0000001439","PUBLISHED","2004","AMR","PRY","MLE","10.5","10.50000","","","","",""
"SA_0000001439","PUBLISHED","2004","AMR","PER","BTSX","9.7","9.70000","","","","",""
"SA_0000001439","PUBLISHED","2004","AMR","PER","FMLE","10.0","10.00000","","","","",""
"SA_0000001439","PUBLISHED","2004","AMR","PER","MLE","9.4","9.40000","","","","",""
"SA_0000001439","PUBLISHED","2004","WPR","PHL","MLE","10.1","10.10000","","","","",""
"SA_0000001439","PUBLISHED","2004","WPR","PHL","FMLE","7.9","7.90000","","","","",""
"SA_0000001439","PUBLISHED","2004","WPR","PHL","BTSX","9.0","9.00000","","","","",""
"SA_0000001439","PUBLISHED","2004","EUR","POL","BTSX","20.7","20.70000","","","","",""
"SA_0000001439","PUBLISHED","2004","EUR","POL","FMLE","15.9","15.90000","","","","",""
"SA_0000001439","PUBLISHED","2004","EUR","POL","MLE","27.7","27.70000","","","","",""
"SA_0000001439","PUBLISHED","2004","EUR","PRT","BTSX","19.2","19.20000","","","","",""
"SA_0000001439","PUBLISHED","2004","EUR","PRT","MLE","25.3","25.30000","","","","",""
"SA_0000001439","PUBLISHED","2004","EUR","PRT","FMLE","14.6","14.60000","","","","",""
"SA_0000001439","PUBLISHED","2004","EMR","QAT","BTSX","7.3","7.30000","","","","",""
"SA_0000001439","PUBLISHED","2004","EMR","QAT","FMLE","10.8","10.80000","","","","",""
"SA_0000001439","PUBLISHED","2004","EMR","QAT","MLE","5.1","5.10000","","","","",""
"SA_0000001439","PUBLISHED","2004","WPR","KOR","FMLE","15.6","15.60000","","","","",""
"SA_0000001439","PUBLISHED","2004","WPR","KOR","MLE","11.9","11.90000","","","","",""
"SA_0000001439","PUBLISHED","2004","WPR","KOR","BTSX","20.9","20.90000","","","","",""
"SA_0000001439","PUBLISHED","2004","EUR","MDA","BTSX","24.4","24.40000","","","","",""
"SA_0000001439","PUBLISHED","2004","EUR","MDA","FMLE","17.2","17.20000","","","","",""
"SA_0000001439","PUBLISHED","2004","EUR","MDA","MLE","12.8","12.80000","","","","",""
"SA_0000001439","PUBLISHED","2004","EUR","ROU","FMLE","10.8","10.80000","","","","",""
"SA_0000001439","PUBLISHED","2004","EUR","ROU","BTSX","13.9","13.90000","","","","",""
"SA_0000001439","PUBLISHED","2004","EUR","ROU","MLE","18.0","18.00000","","","","",""
"SA_0000001439","PUBLISHED","2004","EUR","RUS","MLE","21.1","21.10000","","","","",""
"SA_0000001439","PUBLISHED","2004","EUR","RUS","BTSX","18.7","18.70000","","","","",""
"SA_0000001439","PUBLISHED","2004","EUR","RUS","FMLE","17.5","17.50000","","","","",""
"SA_0000001439","PUBLISHED","2004","AFR","RWA","BTSX","6.3","6.30000","","","","",""
"SA_0000001439","PUBLISHED","2004","AFR","RWA","FMLE","5.9","5.90000","","","","",""
"SA_0000001439","PUBLISHED","2004","AFR","RWA","MLE","7.1","7.10000","","","","",""
"SA_0000001439","PUBLISHED","2004","AMR","KNA","MLE","11.6","11.60000","","","","",""
"SA_0000001439","PUBLISHED","2004","AMR","KNA","BTSX","8.2","8.20000","","","","",""
"SA_0000001439","PUBLISHED","2004","AMR","KNA","FMLE","5.5","5.50000","","","","",""
"SA_0000001439","PUBLISHED","2004","AMR","LCA","BTSX","7.0","7.00000","","","","",""
"SA_0000001439","PUBLISHED","2004","AMR","LCA","FMLE","6.0","6.00000","","","","",""
"SA_0000001439","PUBLISHED","2004","AMR","LCA","MLE","8.1","8.10000","","","","",""
"SA_0000001439","PUBLISHED","2004","AMR","VCT","FMLE","7.1","7.10000","","","","",""
"SA_0000001439","PUBLISHED","2004","AMR","VCT","MLE","11.7","11.70000","","","","",""
"SA_0000001439","PUBLISHED","2004","AMR","VCT","BTSX","9.0","9.00000","","","","",""
"SA_0000001439","PUBLISHED","2004","WPR","WSM","BTSX","8.4","8.40000","","","","",""
"SA_0000001439","PUBLISHED","2004","WPR","WSM","FMLE","9.7","9.70000","","","","",""
"SA_0000001439","PUBLISHED","2004","WPR","WSM","MLE","7.3","7.30000","","","","",""
"SA_0000001439","PUBLISHED","2004","EUR","SMR","FMLE","7.7","7.70000","","","","",""
"SA_0000001439","PUBLISHED","2004","EUR","SMR","BTSX","9.0","9.00000","","","","",""
"SA_0000001439","PUBLISHED","2004","EUR","SMR","MLE","10.6","10.60000","","","","",""
"SA_0000001439","PUBLISHED","2004","AFR","STP","BTSX","8.4","8.40000","","","","",""
"SA_0000001439","PUBLISHED","2004","AFR","STP","FMLE","7.9","7.90000","","","","",""
"SA_0000001439","PUBLISHED","2004","AFR","STP","MLE","8.8","8.80000","","","","",""
"SA_0000001439","PUBLISHED","2004","EMR","SAU","MLE","9.0","9.00000","","","","",""
"SA_0000001439","PUBLISHED","2004","EMR","SAU","FMLE","7.7","7.70000","","","","",""
"SA_0000001439","PUBLISHED","2004","EMR","SAU","BTSX","8.3","8.30000","","","","",""
"SA_0000001439","PUBLISHED","2004","AFR","SEN","BTSX","3.9","3.90000","","","","",""
"SA_0000001439","PUBLISHED","2004","AFR","SEN","FMLE","3.0","3.00000","","","","",""
"SA_0000001439","PUBLISHED","2004","AFR","SEN","MLE","4.7","4.70000","","","","",""
"SA_0000001439","PUBLISHED","2004","AFR","SYC","FMLE","2.5","2.50000","","","","",""
"SA_0000001439","PUBLISHED","2004","AFR","SYC","BTSX","3.4","3.40000","","","","",""
"SA_0000001439","PUBLISHED","2004","AFR","SYC","MLE","4.6","4.60000","","","","",""
"SA_0000001439","PUBLISHED","2004","AFR","SLE","MLE","11.0","11.00000","","","","",""
"SA_0000001439","PUBLISHED","2004","AFR","SLE","BTSX","8.8","8.80000","","","","",""
"SA_0000001439","PUBLISHED","2004","AFR","SLE","FMLE","6.9","6.90000","","","","",""
"SA_0000001439","PUBLISHED","2004","WPR","SGP","BTSX","17.6","17.60000","","","","",""
"SA_0000001439","PUBLISHED","2004","WPR","SGP","FMLE","14.4","14.40000","","","","",""
"SA_0000001439","PUBLISHED","2004","WPR","SGP","MLE","21.4","21.40000","","","","",""
"SA_0000001439","PUBLISHED","2004","EUR","SVK","MLE","38.8","38.80000","","","","",""
"SA_0000001439","PUBLISHED","2004","EUR","SVK","FMLE","16.9","16.90000","","","","",""
"SA_0000001439","PUBLISHED","2004","EUR","SVK","BTSX","25.8","25.80000","","","","",""
"SA_0000001439","PUBLISHED","2004","EUR","SVN","MLE","33.0","33.00000","","","","",""
"SA_0000001439","PUBLISHED","2004","EUR","SVN","BTSX","22.3","22.30000","","","","",""
"SA_0000001439","PUBLISHED","2004","EUR","SVN","FMLE","15.5","15.50000","","","","",""
"SA_0000001439","PUBLISHED","2004","WPR","SLB","BTSX","4.4","4.40000","","","","",""
"SA_0000001439","PUBLISHED","2004","WPR","SLB","FMLE","4.1","4.10000","","","","",""
"SA_0000001439","PUBLISHED","2004","WPR","SLB","MLE","4.7","4.70000","","","","",""
"SA_0000001439","PUBLISHED","2004","EMR","SOM","FMLE","4.4","4.40000","","","","",""
"SA_0000001439","PUBLISHED","2004","EMR","SOM","MLE","9.1","9.10000","","","","",""
"SA_0000001439","PUBLISHED","2004","EMR","SOM","BTSX","6.5","6.50000","","","","",""
"SA_0000001439","PUBLISHED","2004","AFR","ZAF","MLE","12.1","12.10000","","","","",""
"SA_0000001439","PUBLISHED","2004","AFR","ZAF","FMLE","10.4","10.40000","","","","",""
"SA_0000001439","PUBLISHED","2004","AFR","ZAF","BTSX","11.0","11.00000","","","","",""
"SA_0000001439","PUBLISHED","2004","EUR","ESP","MLE","24.4","24.40000","","","","",""
"SA_0000001439","PUBLISHED","2004","EUR","ESP","BTSX","17.8","17.80000","","","","",""
"SA_0000001439","PUBLISHED","2004","EUR","ESP","FMLE","12.8","12.80000","","","","",""
"SA_0000001439","PUBLISHED","2004","SEAR","LKA","BTSX","5.3","5.30000","","","","",""
"SA_0000001439","PUBLISHED","2004","SEAR","LKA","FMLE","4.1","4.10000","","","","",""
"SA_0000001439","PUBLISHED","2004","SEAR","LKA","MLE","6.7","6.70000","","","","",""
"SA_0000001439","PUBLISHED","2004","EMR","SDN","FMLE","4.1","4.10000","","","","",""
"SA_0000001439","PUBLISHED","2004","EMR","SDN","MLE","8.9","8.90000","","","","",""
"SA_0000001439","PUBLISHED","2004","EMR","SDN","BTSX","6.3","6.30000","","","","",""
"SA_0000001439","PUBLISHED","2004","AMR","SUR","FMLE","7.4","7.40000","","","","",""
"SA_0000001439","PUBLISHED","2004","AMR","SUR","BTSX","8.8","8.80000","","","","",""
"SA_0000001439","PUBLISHED","2004","AMR","SUR","MLE","10.3","10.30000","","","","",""
"SA_0000001439","PUBLISHED","2004","AFR","SWZ","MLE","5.3","5.30000","","","","",""
"SA_0000001439","PUBLISHED","2004","AFR","SWZ","BTSX","3.8","3.80000","","","","",""
"SA_0000001439","PUBLISHED","2004","AFR","SWZ","FMLE","2.8","2.80000","","","","",""
"SA_0000001439","PUBLISHED","2004","EUR","SWE","FMLE","12.3","12.30000","","","","",""
"SA_0000001439","PUBLISHED","2004","EUR","SWE","MLE","16.3","16.30000","","","","",""
"SA_0000001439","PUBLISHED","2004","EUR","SWE","BTSX","14.1","14.10000","","","","",""
"SA_0000001439","PUBLISHED","2004","EUR","CHE","BTSX","13.1","13.10000","","","","",""
"SA_0000001439","PUBLISHED","2004","EUR","CHE","FMLE","10.3","10.30000","","","","",""
"SA_0000001439","PUBLISHED","2004","EUR","CHE","MLE","16.9","16.90000","","","","",""
"SA_0000001439","PUBLISHED","2004","EMR","SYR","BTSX","6.3","6.30000","","","","",""
"SA_0000001439","PUBLISHED","2004","EMR","SYR","FMLE","5.7","5.70000","","","","",""
"SA_0000001439","PUBLISHED","2004","EMR","SYR","MLE","7.2","7.20000","","","","",""
"SA_0000001439","PUBLISHED","2004","EUR","TJK","MLE","1.7","1.70000","","","","",""
"SA_0000001439","PUBLISHED","2004","EUR","TJK","FMLE","1.5","1.50000","","","","",""
"SA_0000001439","PUBLISHED","2004","EUR","TJK","BTSX","1.6","1.60000","","","","",""
"SA_0000001439","PUBLISHED","2004","SEAR","THA","FMLE","14.8","14.80000","","","","",""
"SA_0000001439","PUBLISHED","2004","SEAR","THA","BTSX","19.8","19.80000","","","","",""
"SA_0000001439","PUBLISHED","2004","SEAR","THA","MLE","10.7","10.70000","","","","",""
"SA_0000001439","PUBLISHED","2004","EUR","MKD","MLE","12.8","12.80000","","","","",""
"SA_0000001439","PUBLISHED","2004","EUR","MKD","FMLE","9.3","9.30000","","","","",""
"SA_0000001439","PUBLISHED","2004","EUR","MKD","BTSX","10.8","10.80000","","","","",""
"SA_0000001439","PUBLISHED","2004","SEAR","TLS","FMLE","11.4","11.40000","","","","",""
"SA_0000001439","PUBLISHED","2004","SEAR","TLS","MLE","13.0","13.00000","","","","",""
"SA_0000001439","PUBLISHED","2004","SEAR","TLS","BTSX","12.2","12.20000","","","","",""
"SA_0000001439","PUBLISHED","2004","AFR","TGO","FMLE","5.5","5.50000","","","","",""
"SA_0000001439","PUBLISHED","2004","AFR","TGO","BTSX","6.6","6.60000","","","","",""
"SA_0000001439","PUBLISHED","2004","AFR","TGO","MLE","8.0","8.00000","","","","",""
"SA_0000001439","PUBLISHED","2004","WPR","TON","MLE","3.4","3.40000","","","","",""
"SA_0000001439","PUBLISHED","2004","WPR","TON","BTSX","3.0","3.00000","","","","",""
"SA_0000001439","PUBLISHED","2004","WPR","TON","FMLE","2.8","2.80000","","","","",""
"SA_0000001439","PUBLISHED","2004","AMR","TTO","MLE","13.3","13.30000","","","","",""
"SA_0000001439","PUBLISHED","2004","AMR","TTO","BTSX","12.4","12.40000","","","","",""
"SA_0000001439","PUBLISHED","2004","AMR","TTO","FMLE","11.6","11.60000","","","","",""
"SA_0000001439","PUBLISHED","2004","EMR","TUN","MLE","3.8","3.80000","","","","",""
"SA_0000001439","PUBLISHED","2004","EMR","TUN","BTSX","4.3","4.30000","","","","",""
"SA_0000001439","PUBLISHED","2004","EMR","TUN","FMLE","4.8","4.80000","","","","",""
"SA_0000001439","PUBLISHED","2004","EUR","TUR","BTSX","8.8","8.80000","","","","",""
"SA_0000001439","PUBLISHED","2004","EUR","TUR","MLE","9.7","9.70000","","","","",""
"SA_0000001439","PUBLISHED","2004","EUR","TUR","FMLE","8.1","8.10000","","","","",""
"SA_0000001439","PUBLISHED","2004","EUR","TKM","MLE","1.6","1.60000","","","","",""
"SA_0000001439","PUBLISHED","2004","EUR","TKM","BTSX","1.4","1.40000","","","","",""
"SA_0000001439","PUBLISHED","2004","EUR","TKM","FMLE","1.3","1.30000","","","","",""
"SA_0000001439","PUBLISHED","2004","WPR","TUV","BTSX","3.8","3.80000","","","","",""
"SA_0000001439","PUBLISHED","2004","WPR","TUV","MLE","4.7","4.70000","","","","",""
"SA_0000001439","PUBLISHED","2004","WPR","TUV","FMLE","3.2","3.20000","","","","",""
"SA_0000001439","PUBLISHED","2004","AFR","UGA","FMLE","7.9","7.90000","","","","",""
"SA_0000001439","PUBLISHED","2004","AFR","UGA","BTSX","9.7","9.70000","","","","",""
"SA_0000001439","PUBLISHED","2004","AFR","UGA","MLE","12.0","12.00000","","","","",""
"SA_0000001439","PUBLISHED","2004","EUR","UKR","MLE","22.6","22.60000","","","","",""
"SA_0000001439","PUBLISHED","2004","EUR","UKR","FMLE","13.9","13.90000","","","","",""
"SA_0000001439","PUBLISHED","2004","EUR","UKR","BTSX","17.0","17.00000","","","","",""
"SA_0000001439","PUBLISHED","2004","EMR","ARE","MLE","6.4","6.40000","","","","",""
"SA_0000001439","PUBLISHED","2004","EMR","ARE","FMLE","7.4","7.40000","","","","",""
"SA_0000001439","PUBLISHED","2004","EMR","ARE","BTSX","6.8","6.80000","","","","",""
"SA_0000001439","PUBLISHED","2004","EUR","GBR","MLE","21.4","21.40000","","","","",""
"SA_0000001439","PUBLISHED","2004","EUR","GBR","FMLE","13.5","13.50000","","","","",""
"SA_0000001439","PUBLISHED","2004","EUR","GBR","BTSX","17.0","17.00000","","","","",""
"SA_0000001439","PUBLISHED","2004","AFR","TZA","FMLE","4.9","4.90000","","","","",""
"SA_0000001439","PUBLISHED","2004","AFR","TZA","MLE","5.0","5.00000","","","","",""
"SA_0000001439","PUBLISHED","2004","AFR","TZA","BTSX","4.9","4.90000","","","","",""
"SA_0000001439","PUBLISHED","2004","AMR","USA","MLE","16.2","16.20000","","","","",""
"SA_0000001439","PUBLISHED","2004","AMR","USA","BTSX","13.7","13.70000","","","","",""
"SA_0000001439","PUBLISHED","2004","AMR","USA","FMLE","11.6","11.60000","","","","",""
"SA_0000001439","PUBLISHED","2004","AMR","URY","BTSX","20.8","20.80000","","","","",""
"SA_0000001439","PUBLISHED","2004","AMR","URY","MLE","25.2","25.20000","","","","",""
"SA_0000001439","PUBLISHED","2004","AMR","URY","FMLE","17.6","17.60000","","","","",""
"SA_0000001439","PUBLISHED","2004","EUR","UZB","FMLE","2.2","2.20000","","","","",""
"SA_0000001439","PUBLISHED","2004","EUR","UZB","MLE","2.2","2.20000","","","","",""
"SA_0000001439","PUBLISHED","2004","EUR","UZB","BTSX","2.2","2.20000","","","","",""
"SA_0000001439","PUBLISHED","2004","WPR","VUT","FMLE","3.3","3.30000","","","","",""
"SA_0000001439","PUBLISHED","2004","WPR","VUT","BTSX","2.5","2.50000","","","","",""
"SA_0000001439","PUBLISHED","2004","WPR","VUT","MLE","2.0","2.00000","","","","",""
"SA_0000001439","PUBLISHED","2004","AMR","VEN","MLE","7.2","7.20000","","","","",""
"SA_0000001439","PUBLISHED","2004","AMR","VEN","BTSX","7.5","7.50000","","","","",""
"SA_0000001439","PUBLISHED","2004","AMR","VEN","FMLE","7.7","7.70000","","","","",""
"SA_0000001439","PUBLISHED","2004","WPR","VNM","FMLE","9.2","9.20000","","","","",""
"SA_0000001439","PUBLISHED","2004","WPR","VNM","MLE","10.8","10.80000","","","","",""
"SA_0000001439","PUBLISHED","2004","WPR","VNM","BTSX","10.0","10.00000","","","","",""
"SA_0000001439","PUBLISHED","2004","EMR","YEM","BTSX","6.6","6.60000","","","","",""
"SA_0000001439","PUBLISHED","2004","EMR","YEM","MLE","9.0","9.00000","","","","",""
"SA_0000001439","PUBLISHED","2004","EMR","YEM","FMLE","4.5","4.50000","","","","",""
"SA_0000001439","PUBLISHED","2004","AFR","ZMB","BTSX","5.9","5.90000","","","","",""
"SA_0000001439","PUBLISHED","2004","AFR","ZMB","FMLE","2.0","2.00000","","","","",""
"SA_0000001439","PUBLISHED","2004","AFR","ZMB","MLE","11.2","11.20000","","","","",""
"SA_0000001439","PUBLISHED","2004","AFR","ZWE","MLE","7.7","7.70000","","","","",""
"SA_0000001439","PUBLISHED","2004","AFR","ZWE","BTSX","6.2","6.20000","","","","",""
"SA_0000001439","PUBLISHED","2004","AFR","ZWE","FMLE","5.1","5.10000","","","","",""
"SA_0000001439","PUBLISHED","2004","AFR","CIV","FMLE","4.3","4.30000","","","","",""
"SA_0000001439","PUBLISHED","2004","AFR","CIV","MLE","7.1","7.10000","","","","",""
"SA_0000001439","PUBLISHED","2004","AFR","CIV","BTSX","5.8","5.80000","","","","",""
